source_id,block_height,epoch_index,model_id,participant,node_id,throughput,poc_weight,timeslot_allocation,participant_model_weight
chain_model_minimax,6218275,403,MiniMaxAI/MiniMax-M2.7,gonka1346p2h8dn4kp98c5e93k5q64g0h7vxjxnd55fh,node-mm,0,2654,"[true,false]",5337
chain_model_minimax,6218275,403,MiniMaxAI/MiniMax-M2.7,gonka1346p2h8dn4kp98c5e93k5q64g0h7vxjxnd55fh,node2,0,2683,"[true,false]",5337
chain_model_minimax,6218275,403,MiniMaxAI/MiniMax-M2.7,gonka1gvrrhjmy4w4mayvs2s5l23edj8ertcmtd2v4zr,AS-LA-1,0,8376,"[true,false]",367007
chain_model_minimax,6218275,403,MiniMaxAI/MiniMax-M2.7,gonka1gvrrhjmy4w4mayvs2s5l23edj8ertcmtd2v4zr,AS-LA-2,0,8376,"[true,false]",367007
chain_model_minimax,6218275,403,MiniMaxAI/MiniMax-M2.7,gonka1gvrrhjmy4w4mayvs2s5l23edj8ertcmtd2v4zr,AS-LA-3,0,8320,"[true,false]",367007
chain_model_minimax,6218275,403,MiniMaxAI/MiniMax-M2.7,gonka1gvrrhjmy4w4mayvs2s5l23edj8ertcmtd2v4zr,AS-LA-4,0,8265,"[true,false]",367007
chain_model_minimax,6218275,403,MiniMaxAI/MiniMax-M2.7,gonka1gvrrhjmy4w4mayvs2s5l23edj8ertcmtd2v4zr,BSTN-H100-1,0,8233,"[true,false]",367007
chain_model_minimax,6218275,403,MiniMaxAI/MiniMax-M2.7,gonka1gvrrhjmy4w4mayvs2s5l23edj8ertcmtd2v4zr,DA-LA-5,0,8204,"[true,false]",367007
chain_model_minimax,6218275,403,MiniMaxAI/MiniMax-M2.7,gonka1gvrrhjmy4w4mayvs2s5l23edj8ertcmtd2v4zr,DMIN-LA-1,0,16322,"[true,false]",367007
chain_model_minimax,6218275,403,MiniMaxAI/MiniMax-M2.7,gonka1gvrrhjmy4w4mayvs2s5l23edj8ertcmtd2v4zr,DMIN-LA-2,0,16525,"[true,false]",367007
chain_model_minimax,6218275,403,MiniMaxAI/MiniMax-M2.7,gonka1gvrrhjmy4w4mayvs2s5l23edj8ertcmtd2v4zr,GL-LA-4,0,16554,"[true,false]",367007
chain_model_minimax,6218275,403,MiniMaxAI/MiniMax-M2.7,gonka1gvrrhjmy4w4mayvs2s5l23edj8ertcmtd2v4zr,ML-GMN-H100-2,0,16583,"[true,false]",367007
chain_model_minimax,6218275,403,MiniMaxAI/MiniMax-M2.7,gonka1gvrrhjmy4w4mayvs2s5l23edj8ertcmtd2v4zr,OC-A100-1,0,5099,"[true,false]",367007
chain_model_minimax,6218275,403,MiniMaxAI/MiniMax-M2.7,gonka1gvrrhjmy4w4mayvs2s5l23edj8ertcmtd2v4zr,RI-NS-1,0,8349,"[true,false]",367007
chain_model_minimax,6218275,403,MiniMaxAI/MiniMax-M2.7,gonka1gvrrhjmy4w4mayvs2s5l23edj8ertcmtd2v4zr,RI-NS-16,0,8552,"[true,false]",367007
chain_model_minimax,6218275,403,MiniMaxAI/MiniMax-M2.7,gonka1gvrrhjmy4w4mayvs2s5l23edj8ertcmtd2v4zr,RI-NS-17,0,8320,"[true,false]",367007
chain_model_minimax,6218275,403,MiniMaxAI/MiniMax-M2.7,gonka1gvrrhjmy4w4mayvs2s5l23edj8ertcmtd2v4zr,RI-NS-18,0,8349,"[true,false]",367007
chain_model_minimax,6218275,403,MiniMaxAI/MiniMax-M2.7,gonka1gvrrhjmy4w4mayvs2s5l23edj8ertcmtd2v4zr,RI-NS-19,0,6493,"[true,false]",367007
chain_model_minimax,6218275,403,MiniMaxAI/MiniMax-M2.7,gonka1gvrrhjmy4w4mayvs2s5l23edj8ertcmtd2v4zr,RI-NS-2,0,8494,"[true,false]",367007
chain_model_minimax,6218275,403,MiniMaxAI/MiniMax-M2.7,gonka1gvrrhjmy4w4mayvs2s5l23edj8ertcmtd2v4zr,RI-NS-24,0,8581,"[true,false]",367007
chain_model_minimax,6218275,403,MiniMaxAI/MiniMax-M2.7,gonka1gvrrhjmy4w4mayvs2s5l23edj8ertcmtd2v4zr,RI-NS-25,0,8291,"[true,false]",367007
chain_model_minimax,6218275,403,MiniMaxAI/MiniMax-M2.7,gonka1gvrrhjmy4w4mayvs2s5l23edj8ertcmtd2v4zr,RI-NS-26,0,8523,"[true,false]",367007
chain_model_minimax,6218275,403,MiniMaxAI/MiniMax-M2.7,gonka1gvrrhjmy4w4mayvs2s5l23edj8ertcmtd2v4zr,RI-NS-3,0,8349,"[true,false]",367007
chain_model_minimax,6218275,403,MiniMaxAI/MiniMax-M2.7,gonka1gvrrhjmy4w4mayvs2s5l23edj8ertcmtd2v4zr,RI-NS-30,0,8465,"[true,false]",367007
chain_model_minimax,6218275,403,MiniMaxAI/MiniMax-M2.7,gonka1gvrrhjmy4w4mayvs2s5l23edj8ertcmtd2v4zr,RI-NS-31,0,8436,"[true,false]",367007
chain_model_minimax,6218275,403,MiniMaxAI/MiniMax-M2.7,gonka1gvrrhjmy4w4mayvs2s5l23edj8ertcmtd2v4zr,RI-NS-33,0,8378,"[true,false]",367007
chain_model_minimax,6218275,403,MiniMaxAI/MiniMax-M2.7,gonka1gvrrhjmy4w4mayvs2s5l23edj8ertcmtd2v4zr,RI-NS-34,0,8407,"[true,false]",367007
chain_model_minimax,6218275,403,MiniMaxAI/MiniMax-M2.7,gonka1gvrrhjmy4w4mayvs2s5l23edj8ertcmtd2v4zr,RI-NS-35,0,8407,"[true,false]",367007
chain_model_minimax,6218275,403,MiniMaxAI/MiniMax-M2.7,gonka1gvrrhjmy4w4mayvs2s5l23edj8ertcmtd2v4zr,RI-NS-36,0,6330,"[true,false]",367007
chain_model_minimax,6218275,403,MiniMaxAI/MiniMax-M2.7,gonka1gvrrhjmy4w4mayvs2s5l23edj8ertcmtd2v4zr,RI-NS-4,0,8320,"[true,false]",367007
chain_model_minimax,6218275,403,MiniMaxAI/MiniMax-M2.7,gonka1gvrrhjmy4w4mayvs2s5l23edj8ertcmtd2v4zr,RI-NS-42,0,8494,"[true,false]",367007
chain_model_minimax,6218275,403,MiniMaxAI/MiniMax-M2.7,gonka1gvrrhjmy4w4mayvs2s5l23edj8ertcmtd2v4zr,RI-NS-44,0,8349,"[true,false]",367007
chain_model_minimax,6218275,403,MiniMaxAI/MiniMax-M2.7,gonka1gvrrhjmy4w4mayvs2s5l23edj8ertcmtd2v4zr,RI-NS-45,0,8291,"[true,false]",367007
chain_model_minimax,6218275,403,MiniMaxAI/MiniMax-M2.7,gonka1gvrrhjmy4w4mayvs2s5l23edj8ertcmtd2v4zr,RI-NS-46,0,8407,"[true,false]",367007
chain_model_minimax,6218275,403,MiniMaxAI/MiniMax-M2.7,gonka1gvrrhjmy4w4mayvs2s5l23edj8ertcmtd2v4zr,RI-NS-47,0,8407,"[true,false]",367007
chain_model_minimax,6218275,403,MiniMaxAI/MiniMax-M2.7,gonka1gvrrhjmy4w4mayvs2s5l23edj8ertcmtd2v4zr,RI-NS-5,0,8436,"[true,false]",367007
chain_model_minimax,6218275,403,MiniMaxAI/MiniMax-M2.7,gonka1gvrrhjmy4w4mayvs2s5l23edj8ertcmtd2v4zr,RI-NS-52,0,8610,"[true,false]",367007
chain_model_minimax,6218275,403,MiniMaxAI/MiniMax-M2.7,gonka1gvrrhjmy4w4mayvs2s5l23edj8ertcmtd2v4zr,RI-NS-53,0,8697,"[true,false]",367007
chain_model_minimax,6218275,403,MiniMaxAI/MiniMax-M2.7,gonka1gvrrhjmy4w4mayvs2s5l23edj8ertcmtd2v4zr,RI-NS-54,0,8639,"[true,false]",367007
chain_model_minimax,6218275,403,MiniMaxAI/MiniMax-M2.7,gonka1gvrrhjmy4w4mayvs2s5l23edj8ertcmtd2v4zr,RI-NS-6,0,8291,"[true,false]",367007
chain_model_minimax,6218275,403,MiniMaxAI/MiniMax-M2.7,gonka1gvrrhjmy4w4mayvs2s5l23edj8ertcmtd2v4zr,RI-NS-7,0,8668,"[true,false]",367007
chain_model_minimax,6218275,403,MiniMaxAI/MiniMax-M2.7,gonka1gvrrhjmy4w4mayvs2s5l23edj8ertcmtd2v4zr,RI-NS-8,0,8465,"[true,false]",367007
chain_model_minimax,6218275,403,MiniMaxAI/MiniMax-M2.7,gonka1gvrrhjmy4w4mayvs2s5l23edj8ertcmtd2v4zr,VR-JS-2,0,5352,"[true,false]",367007
chain_model_minimax,6218275,403,MiniMaxAI/MiniMax-M2.7,gonka1gyk0aahvr3qeju4zx0nplfreej6cy4jjk8svc5,node2,0,3087,"[true,false]",3087
chain_model_minimax,6218275,403,MiniMaxAI/MiniMax-M2.7,gonka1qwfrtz9c7kcrfkrrlne2pkcye74mj6ce33xdkl,node1,0,3629,"[true,false]",11669
chain_model_minimax,6218275,403,MiniMaxAI/MiniMax-M2.7,gonka1qwfrtz9c7kcrfkrrlne2pkcye74mj6ce33xdkl,node2,0,4048,"[true,false]",11669
chain_model_minimax,6218275,403,MiniMaxAI/MiniMax-M2.7,gonka1qwfrtz9c7kcrfkrrlne2pkcye74mj6ce33xdkl,node3,0,3992,"[true,false]",11669
chain_model_minimax,6218275,403,MiniMaxAI/MiniMax-M2.7,gonka1scskt6wpnjnumsah6kjphmdu87vjgvcxmn4rxv,DA-LA-2,0,16901,"[true,false]",438662
chain_model_minimax,6218275,403,MiniMaxAI/MiniMax-M2.7,gonka1scskt6wpnjnumsah6kjphmdu87vjgvcxmn4rxv,DA-LA-3,0,11596,"[true,false]",438662
chain_model_minimax,6218275,403,MiniMaxAI/MiniMax-M2.7,gonka1scskt6wpnjnumsah6kjphmdu87vjgvcxmn4rxv,DA-LA-4,0,10639,"[true,false]",438662
chain_model_minimax,6218275,403,MiniMaxAI/MiniMax-M2.7,gonka1scskt6wpnjnumsah6kjphmdu87vjgvcxmn4rxv,DAY-ATRO-1,0,28295,"[true,false]",438662
chain_model_minimax,6218275,403,MiniMaxAI/MiniMax-M2.7,gonka1scskt6wpnjnumsah6kjphmdu87vjgvcxmn4rxv,DAY-ATRO-2,0,7155,"[true,false]",438662
chain_model_minimax,6218275,403,MiniMaxAI/MiniMax-M2.7,gonka1scskt6wpnjnumsah6kjphmdu87vjgvcxmn4rxv,DAY-PO-1,0,17133,"[true,false]",438662
chain_model_minimax,6218275,403,MiniMaxAI/MiniMax-M2.7,gonka1scskt6wpnjnumsah6kjphmdu87vjgvcxmn4rxv,DAY-PO-2,0,7126,"[true,false]",438662
chain_model_minimax,6218275,403,MiniMaxAI/MiniMax-M2.7,gonka1scskt6wpnjnumsah6kjphmdu87vjgvcxmn4rxv,DAY-SPU-1,0,28324,"[true,false]",438662
chain_model_minimax,6218275,403,MiniMaxAI/MiniMax-M2.7,gonka1scskt6wpnjnumsah6kjphmdu87vjgvcxmn4rxv,DAY-SPU-2,0,7011,"[true,false]",438662
chain_model_minimax,6218275,403,MiniMaxAI/MiniMax-M2.7,gonka1scskt6wpnjnumsah6kjphmdu87vjgvcxmn4rxv,GL-LA-1,0,8349,"[true,false]",438662
chain_model_minimax,6218275,403,MiniMaxAI/MiniMax-M2.7,gonka1scskt6wpnjnumsah6kjphmdu87vjgvcxmn4rxv,GL-LA-2,0,8378,"[true,false]",438662
chain_model_minimax,6218275,403,MiniMaxAI/MiniMax-M2.7,gonka1scskt6wpnjnumsah6kjphmdu87vjgvcxmn4rxv,GL-LA-3,0,8407,"[true,false]",438662
chain_model_minimax,6218275,403,MiniMaxAI/MiniMax-M2.7,gonka1scskt6wpnjnumsah6kjphmdu87vjgvcxmn4rxv,RI-NS-10,0,8929,"[true,false]",438662
chain_model_minimax,6218275,403,MiniMaxAI/MiniMax-M2.7,gonka1scskt6wpnjnumsah6kjphmdu87vjgvcxmn4rxv,RI-NS-11,0,8610,"[true,false]",438662
chain_model_minimax,6218275,403,MiniMaxAI/MiniMax-M2.7,gonka1scskt6wpnjnumsah6kjphmdu87vjgvcxmn4rxv,RI-NS-12,0,8726,"[true,false]",438662
chain_model_minimax,6218275,403,MiniMaxAI/MiniMax-M2.7,gonka1scskt6wpnjnumsah6kjphmdu87vjgvcxmn4rxv,RI-NS-13,0,8610,"[true,false]",438662
chain_model_minimax,6218275,403,MiniMaxAI/MiniMax-M2.7,gonka1scskt6wpnjnumsah6kjphmdu87vjgvcxmn4rxv,RI-NS-14,0,8639,"[true,false]",438662
chain_model_minimax,6218275,403,MiniMaxAI/MiniMax-M2.7,gonka1scskt6wpnjnumsah6kjphmdu87vjgvcxmn4rxv,RI-NS-15,0,8726,"[true,false]",438662
chain_model_minimax,6218275,403,MiniMaxAI/MiniMax-M2.7,gonka1scskt6wpnjnumsah6kjphmdu87vjgvcxmn4rxv,RI-NS-20,0,9422,"[true,false]",438662
chain_model_minimax,6218275,403,MiniMaxAI/MiniMax-M2.7,gonka1scskt6wpnjnumsah6kjphmdu87vjgvcxmn4rxv,RI-NS-21,0,10204,"[true,false]",438662
chain_model_minimax,6218275,403,MiniMaxAI/MiniMax-M2.7,gonka1scskt6wpnjnumsah6kjphmdu87vjgvcxmn4rxv,RI-NS-22,0,8552,"[true,false]",438662
chain_model_minimax,6218275,403,MiniMaxAI/MiniMax-M2.7,gonka1scskt6wpnjnumsah6kjphmdu87vjgvcxmn4rxv,RI-NS-23,0,8755,"[true,false]",438662
chain_model_minimax,6218275,403,MiniMaxAI/MiniMax-M2.7,gonka1scskt6wpnjnumsah6kjphmdu87vjgvcxmn4rxv,RI-NS-27,0,8842,"[true,false]",438662
chain_model_minimax,6218275,403,MiniMaxAI/MiniMax-M2.7,gonka1scskt6wpnjnumsah6kjphmdu87vjgvcxmn4rxv,RI-NS-28,0,8842,"[true,false]",438662
chain_model_minimax,6218275,403,MiniMaxAI/MiniMax-M2.7,gonka1scskt6wpnjnumsah6kjphmdu87vjgvcxmn4rxv,RI-NS-29,0,8784,"[true,false]",438662
chain_model_minimax,6218275,403,MiniMaxAI/MiniMax-M2.7,gonka1scskt6wpnjnumsah6kjphmdu87vjgvcxmn4rxv,RI-NS-37,0,8494,"[true,false]",438662
chain_model_minimax,6218275,403,MiniMaxAI/MiniMax-M2.7,gonka1scskt6wpnjnumsah6kjphmdu87vjgvcxmn4rxv,RI-NS-38,0,8639,"[true,false]",438662
chain_model_minimax,6218275,403,MiniMaxAI/MiniMax-M2.7,gonka1scskt6wpnjnumsah6kjphmdu87vjgvcxmn4rxv,RI-NS-39,0,8726,"[true,false]",438662
chain_model_minimax,6218275,403,MiniMaxAI/MiniMax-M2.7,gonka1scskt6wpnjnumsah6kjphmdu87vjgvcxmn4rxv,RI-NS-40,0,8755,"[true,false]",438662
chain_model_minimax,6218275,403,MiniMaxAI/MiniMax-M2.7,gonka1scskt6wpnjnumsah6kjphmdu87vjgvcxmn4rxv,RI-NS-41,0,8755,"[true,false]",438662
chain_model_minimax,6218275,403,MiniMaxAI/MiniMax-M2.7,gonka1scskt6wpnjnumsah6kjphmdu87vjgvcxmn4rxv,RI-NS-43,0,8726,"[true,false]",438662
chain_model_minimax,6218275,403,MiniMaxAI/MiniMax-M2.7,gonka1scskt6wpnjnumsah6kjphmdu87vjgvcxmn4rxv,RI-NS-48,0,8697,"[true,false]",438662
chain_model_minimax,6218275,403,MiniMaxAI/MiniMax-M2.7,gonka1scskt6wpnjnumsah6kjphmdu87vjgvcxmn4rxv,RI-NS-49,0,8726,"[true,false]",438662
chain_model_minimax,6218275,403,MiniMaxAI/MiniMax-M2.7,gonka1scskt6wpnjnumsah6kjphmdu87vjgvcxmn4rxv,RI-NS-50,0,8668,"[true,false]",438662
chain_model_minimax,6218275,403,MiniMaxAI/MiniMax-M2.7,gonka1scskt6wpnjnumsah6kjphmdu87vjgvcxmn4rxv,RI-NS-51,0,8668,"[true,false]",438662
chain_model_minimax,6218275,403,MiniMaxAI/MiniMax-M2.7,gonka1scskt6wpnjnumsah6kjphmdu87vjgvcxmn4rxv,RI-NS-55,0,8958,"[true,false]",438662
chain_model_minimax,6218275,403,MiniMaxAI/MiniMax-M2.7,gonka1scskt6wpnjnumsah6kjphmdu87vjgvcxmn4rxv,RI-NS-56,0,8987,"[true,false]",438662
chain_model_minimax,6218275,403,MiniMaxAI/MiniMax-M2.7,gonka1scskt6wpnjnumsah6kjphmdu87vjgvcxmn4rxv,RI-NS-9,0,8726,"[true,false]",438662
chain_model_minimax,6218275,403,MiniMaxAI/MiniMax-M2.7,gonka1scskt6wpnjnumsah6kjphmdu87vjgvcxmn4rxv,VR-JS-4,0,5280,"[true,false]",438662
chain_model_minimax,6218275,403,MiniMaxAI/MiniMax-M2.7,gonka1scskt6wpnjnumsah6kjphmdu87vjgvcxmn4rxv,VR-JS-5,0,5193,"[true,false]",438662
chain_model_minimax,6218275,403,MiniMaxAI/MiniMax-M2.7,gonka1scskt6wpnjnumsah6kjphmdu87vjgvcxmn4rxv,VR-JS-6,0,5251,"[true,false]",438662
chain_model_minimax,6218275,403,MiniMaxAI/MiniMax-M2.7,gonka1scskt6wpnjnumsah6kjphmdu87vjgvcxmn4rxv,lu-b300-01,0,8900,"[true,false]",438662
chain_model_minimax,6218275,403,MiniMaxAI/MiniMax-M2.7,gonka1scskt6wpnjnumsah6kjphmdu87vjgvcxmn4rxv,lu-b300-02,0,8610,"[true,false]",438662
chain_model_minimax,6218275,403,MiniMaxAI/MiniMax-M2.7,gonka1scskt6wpnjnumsah6kjphmdu87vjgvcxmn4rxv,sh-b300-01,0,8367,"[true,false]",438662
chain_model_minimax,6218275,403,MiniMaxAI/MiniMax-M2.7,gonka1scskt6wpnjnumsah6kjphmdu87vjgvcxmn4rxv,sh-b300-02,0,8581,"[true,false]",438662
chain_model_minimax,6218275,403,MiniMaxAI/MiniMax-M2.7,gonka1vjz8csqsr0ph0lv0yylc4auypnzrld7y6l2feu,A22,0,6450,"[true,false]",6450
chain_model_minimax,6218275,403,MiniMaxAI/MiniMax-M2.7,gonka10eg5wakkmc0tee3llwj2qwa67knzk48cht38c5,x13,0,11132,"[true,false]",98797
chain_model_minimax,6218275,403,MiniMaxAI/MiniMax-M2.7,gonka10eg5wakkmc0tee3llwj2qwa67knzk48cht38c5,x18,0,11132,"[true,false]",98797
chain_model_minimax,6218275,403,MiniMaxAI/MiniMax-M2.7,gonka10eg5wakkmc0tee3llwj2qwa67knzk48cht38c5,x19,0,11132,"[true,false]",98797
chain_model_minimax,6218275,403,MiniMaxAI/MiniMax-M2.7,gonka10eg5wakkmc0tee3llwj2qwa67knzk48cht38c5,x22,0,11596,"[true,false]",98797
chain_model_minimax,6218275,403,MiniMaxAI/MiniMax-M2.7,gonka10eg5wakkmc0tee3llwj2qwa67knzk48cht38c5,x25,0,11132,"[true,false]",98797
chain_model_minimax,6218275,403,MiniMaxAI/MiniMax-M2.7,gonka10eg5wakkmc0tee3llwj2qwa67knzk48cht38c5,x38,0,9741,"[true,false]",98797
chain_model_minimax,6218275,403,MiniMaxAI/MiniMax-M2.7,gonka10eg5wakkmc0tee3llwj2qwa67knzk48cht38c5,x43,0,11132,"[true,false]",98797
chain_model_minimax,6218275,403,MiniMaxAI/MiniMax-M2.7,gonka10eg5wakkmc0tee3llwj2qwa67knzk48cht38c5,x48,0,11132,"[true,false]",98797
chain_model_minimax,6218275,403,MiniMaxAI/MiniMax-M2.7,gonka10eg5wakkmc0tee3llwj2qwa67knzk48cht38c5,x52,0,10668,"[true,false]",98797
chain_model_minimax,6218275,403,MiniMaxAI/MiniMax-M2.7,gonka16dgkvx7mh609ntkzknckwaskgq9lcdp86j0skk,FTJ-3,0,26208,"[true,false]",143303
chain_model_minimax,6218275,403,MiniMaxAI/MiniMax-M2.7,gonka16dgkvx7mh609ntkzknckwaskgq9lcdp86j0skk,FTJ-5,0,26266,"[true,false]",143303
chain_model_minimax,6218275,403,MiniMaxAI/MiniMax-M2.7,gonka16dgkvx7mh609ntkzknckwaskgq9lcdp86j0skk,FTJ-6,0,25947,"[true,false]",143303
chain_model_minimax,6218275,403,MiniMaxAI/MiniMax-M2.7,gonka16dgkvx7mh609ntkzknckwaskgq9lcdp86j0skk,FTJ-7,0,19424,"[true,false]",143303
chain_model_minimax,6218275,403,MiniMaxAI/MiniMax-M2.7,gonka16dgkvx7mh609ntkzknckwaskgq9lcdp86j0skk,FTJ-8,0,19453,"[true,false]",143303
chain_model_minimax,6218275,403,MiniMaxAI/MiniMax-M2.7,gonka16dgkvx7mh609ntkzknckwaskgq9lcdp86j0skk,FTJ-9,0,26005,"[true,false]",143303
chain_model_minimax,6218275,403,MiniMaxAI/MiniMax-M2.7,gonka17r099027khes2w2lv95dvuq3ehfeljgukagan4,gaib-1,0,16235,"[true,false]",16235
chain_model_minimax,6218275,403,MiniMaxAI/MiniMax-M2.7,gonka1830lqug50lse998x2lakk4pj5ypfumz5pasz0y,node802,0,17423,"[true,false]",17423
chain_model_minimax,6218275,403,MiniMaxAI/MiniMax-M2.7,gonka18x6wprs8c4x7awjgvn5t0e04fscrrash8rvmw4,w11,0,12524,"[true,false]",77000
chain_model_minimax,6218275,403,MiniMaxAI/MiniMax-M2.7,gonka18x6wprs8c4x7awjgvn5t0e04fscrrash8rvmw4,w23,0,12988,"[true,false]",77000
chain_model_minimax,6218275,403,MiniMaxAI/MiniMax-M2.7,gonka18x6wprs8c4x7awjgvn5t0e04fscrrash8rvmw4,w3,0,12988,"[true,false]",77000
chain_model_minimax,6218275,403,MiniMaxAI/MiniMax-M2.7,gonka18x6wprs8c4x7awjgvn5t0e04fscrrash8rvmw4,w4,0,13452,"[true,false]",77000
chain_model_minimax,6218275,403,MiniMaxAI/MiniMax-M2.7,gonka18x6wprs8c4x7awjgvn5t0e04fscrrash8rvmw4,w5,0,12524,"[true,false]",77000
chain_model_minimax,6218275,403,MiniMaxAI/MiniMax-M2.7,gonka18x6wprs8c4x7awjgvn5t0e04fscrrash8rvmw4,w6,0,12524,"[true,false]",77000
chain_model_minimax,6218275,403,MiniMaxAI/MiniMax-M2.7,gonka1ajmhqgvkf76hss5xe35kcnntqqhs7r8jz8s939,node207,0,5827,"[true,false]",5827
chain_model_minimax,6218275,403,MiniMaxAI/MiniMax-M2.7,gonka1al62tfyd6xud4hr25zxwcx78rapwhx5gjz0qxy,gaudi2-minimax,0,1217,"[true,false]",1217
chain_model_minimax,6218275,403,MiniMaxAI/MiniMax-M2.7,gonka1dkl4mah5erqggvhqkpc8j3qs5tyuetgdy552cp,minimax-1,0,4667,"[true,false]",4667
chain_model_minimax,6218275,403,MiniMaxAI/MiniMax-M2.7,gonka1f90vekylyqvx3u8pdst3mcjv05tg5ux0sl3tts,node903,0,17394,"[true,false]",17394
chain_model_minimax,6218275,403,MiniMaxAI/MiniMax-M2.7,gonka1kvmerzu64094dt9t62ea0cp75larh39ulzldum,FTJ-10,0,26788,"[true,false]",153334
chain_model_minimax,6218275,403,MiniMaxAI/MiniMax-M2.7,gonka1kvmerzu64094dt9t62ea0cp75larh39ulzldum,FTJ-14,0,19801,"[true,false]",153334
chain_model_minimax,6218275,403,MiniMaxAI/MiniMax-M2.7,gonka1kvmerzu64094dt9t62ea0cp75larh39ulzldum,FTJ-15,0,26846,"[true,false]",153334
chain_model_minimax,6218275,403,MiniMaxAI/MiniMax-M2.7,gonka1kvmerzu64094dt9t62ea0cp75larh39ulzldum,FTJ-19,0,26932,"[true,false]",153334
chain_model_minimax,6218275,403,MiniMaxAI/MiniMax-M2.7,gonka1kvmerzu64094dt9t62ea0cp75larh39ulzldum,FTJ11,0,26469,"[true,false]",153334
chain_model_minimax,6218275,403,MiniMaxAI/MiniMax-M2.7,gonka1kvmerzu64094dt9t62ea0cp75larh39ulzldum,FTJ12,0,26498,"[true,false]",153334
chain_model_minimax,6218275,403,MiniMaxAI/MiniMax-M2.7,gonka1kx9mca3xm8u8ypzfuhmxey66u0ufxhs7nm6wc5,node-minimax,0,5247,"[true,false]",5247
chain_model_minimax,6218275,403,MiniMaxAI/MiniMax-M2.7,gonka1p2lhgng7tcqju7emk989s5fpdr7k2c3ek6h26m,node1,0,2899,"[true,false]",5769
chain_model_minimax,6218275,403,MiniMaxAI/MiniMax-M2.7,gonka1p2lhgng7tcqju7emk989s5fpdr7k2c3ek6h26m,node2,0,2870,"[true,false]",5769
chain_model_minimax,6218275,403,MiniMaxAI/MiniMax-M2.7,gonka1q60h5av2pxe6gz3edmlcvd8p36vtj7r24fm43v,n21,0,12988,"[true,false]",66332
chain_model_minimax,6218275,403,MiniMaxAI/MiniMax-M2.7,gonka1q60h5av2pxe6gz3edmlcvd8p36vtj7r24fm43v,n23,0,13452,"[true,false]",66332
chain_model_minimax,6218275,403,MiniMaxAI/MiniMax-M2.7,gonka1q60h5av2pxe6gz3edmlcvd8p36vtj7r24fm43v,n24,0,12988,"[true,false]",66332
chain_model_minimax,6218275,403,MiniMaxAI/MiniMax-M2.7,gonka1q60h5av2pxe6gz3edmlcvd8p36vtj7r24fm43v,n25,0,13452,"[true,false]",66332
chain_model_minimax,6218275,403,MiniMaxAI/MiniMax-M2.7,gonka1q60h5av2pxe6gz3edmlcvd8p36vtj7r24fm43v,n26,0,13452,"[true,false]",66332
chain_model_minimax,6218275,403,MiniMaxAI/MiniMax-M2.7,gonka1rqm2u7lxzn7r68y0drcyhag6xnckpsnfmgd53t,x60,0,11132,"[true,false]",22264
chain_model_minimax,6218275,403,MiniMaxAI/MiniMax-M2.7,gonka1rqm2u7lxzn7r68y0drcyhag6xnckpsnfmgd53t,x65,0,11132,"[true,false]",22264
chain_model_minimax,6218275,403,MiniMaxAI/MiniMax-M2.7,gonka1u60wtn9dhadweeuq2gywcpx34fpfnuhmu7w0qq,node6,0,12988,"[true,false]",46384
chain_model_minimax,6218275,403,MiniMaxAI/MiniMax-M2.7,gonka1u60wtn9dhadweeuq2gywcpx34fpfnuhmu7w0qq,node7,0,10668,"[true,false]",46384
chain_model_minimax,6218275,403,MiniMaxAI/MiniMax-M2.7,gonka1u60wtn9dhadweeuq2gywcpx34fpfnuhmu7w0qq,node8,0,10668,"[true,false]",46384
chain_model_minimax,6218275,403,MiniMaxAI/MiniMax-M2.7,gonka1u60wtn9dhadweeuq2gywcpx34fpfnuhmu7w0qq,node9,0,12060,"[true,false]",46384
chain_model_minimax,6218275,403,MiniMaxAI/MiniMax-M2.7,gonka1y2a9p56kv044327uycmqdexl7zs82fs5ryv5le,node-235b-1,0,4667,"[true,false]",4667
chain_model_minimax,6218275,403,MiniMaxAI/MiniMax-M2.7,gonka1ym3np7guxart483yfdxnlztuazx22cjt0e4a2p,A18,0,8146,"[true,false]",11480
chain_model_minimax,6218275,403,MiniMaxAI/MiniMax-M2.7,gonka1ym3np7guxart483yfdxnlztuazx22cjt0e4a2p,A5,0,3334,"[true,false]",11480
chain_model_deepseek,6218275,403,deepseek-ai/DeepSeek-V4-Flash-0731,gonka1gvpv7vhk5gyxhmf9u8sc8pw5j8fr6lzalyrmkx,FTJ-141,0,3695,"[true,false]",11691
chain_model_deepseek,6218275,403,deepseek-ai/DeepSeek-V4-Flash-0731,gonka1gvpv7vhk5gyxhmf9u8sc8pw5j8fr6lzalyrmkx,FTJ-71,0,3909,"[true,false]",11691
chain_model_deepseek,6218275,403,deepseek-ai/DeepSeek-V4-Flash-0731,gonka1gvpv7vhk5gyxhmf9u8sc8pw5j8fr6lzalyrmkx,FTJ-81,0,4087,"[true,false]",11691
chain_model_deepseek,6218275,403,deepseek-ai/DeepSeek-V4-Flash-0731,gonka1gvrrhjmy4w4mayvs2s5l23edj8ertcmtd2v4zr,DA-LA-1,0,2841,"[true,false]",2841
chain_model_deepseek,6218275,403,deepseek-ai/DeepSeek-V4-Flash-0731,gonka10thh6z0wvq9c05j4z3f9qtpxxedruqn5ae350k,node831,0,9886,"[true,false]",9886
chain_model_deepseek,6218275,403,deepseek-ai/DeepSeek-V4-Flash-0731,gonka168rtjfkszuhcggg4dfyse4yh7xn9zwfglnkns2,mlnode-300,0,6262,"[true,false]",87639
chain_model_deepseek,6218275,403,deepseek-ai/DeepSeek-V4-Flash-0731,gonka168rtjfkszuhcggg4dfyse4yh7xn9zwfglnkns2,mlnode-301,0,6233,"[true,false]",87639
chain_model_deepseek,6218275,403,deepseek-ai/DeepSeek-V4-Flash-0731,gonka168rtjfkszuhcggg4dfyse4yh7xn9zwfglnkns2,mlnode-304,0,6175,"[true,false]",87639
chain_model_deepseek,6218275,403,deepseek-ai/DeepSeek-V4-Flash-0731,gonka168rtjfkszuhcggg4dfyse4yh7xn9zwfglnkns2,mlnode-305,0,6233,"[true,false]",87639
chain_model_deepseek,6218275,403,deepseek-ai/DeepSeek-V4-Flash-0731,gonka168rtjfkszuhcggg4dfyse4yh7xn9zwfglnkns2,mlnode-306,0,6262,"[true,false]",87639
chain_model_deepseek,6218275,403,deepseek-ai/DeepSeek-V4-Flash-0731,gonka168rtjfkszuhcggg4dfyse4yh7xn9zwfglnkns2,mlnode-307,0,6233,"[true,false]",87639
chain_model_deepseek,6218275,403,deepseek-ai/DeepSeek-V4-Flash-0731,gonka168rtjfkszuhcggg4dfyse4yh7xn9zwfglnkns2,mlnode-400,0,6262,"[true,false]",87639
chain_model_deepseek,6218275,403,deepseek-ai/DeepSeek-V4-Flash-0731,gonka168rtjfkszuhcggg4dfyse4yh7xn9zwfglnkns2,mlnode-401,0,6291,"[true,false]",87639
chain_model_deepseek,6218275,403,deepseek-ai/DeepSeek-V4-Flash-0731,gonka168rtjfkszuhcggg4dfyse4yh7xn9zwfglnkns2,mlnode-402,0,6291,"[true,false]",87639
chain_model_deepseek,6218275,403,deepseek-ai/DeepSeek-V4-Flash-0731,gonka168rtjfkszuhcggg4dfyse4yh7xn9zwfglnkns2,mlnode-403,0,6291,"[true,false]",87639
chain_model_deepseek,6218275,403,deepseek-ai/DeepSeek-V4-Flash-0731,gonka168rtjfkszuhcggg4dfyse4yh7xn9zwfglnkns2,mlnode-404,0,6320,"[true,false]",87639
chain_model_deepseek,6218275,403,deepseek-ai/DeepSeek-V4-Flash-0731,gonka168rtjfkszuhcggg4dfyse4yh7xn9zwfglnkns2,mlnode-405,0,6320,"[true,false]",87639
chain_model_deepseek,6218275,403,deepseek-ai/DeepSeek-V4-Flash-0731,gonka168rtjfkszuhcggg4dfyse4yh7xn9zwfglnkns2,mlnode-406,0,6204,"[true,false]",87639
chain_model_deepseek,6218275,403,deepseek-ai/DeepSeek-V4-Flash-0731,gonka168rtjfkszuhcggg4dfyse4yh7xn9zwfglnkns2,mlnode-407,0,6262,"[true,false]",87639
chain_model_deepseek,6218275,403,deepseek-ai/DeepSeek-V4-Flash-0731,gonka1dkl4mah5erqggvhqkpc8j3qs5tyuetgdy552cp,mlnode-4,0,6378,"[true,false]",6378
chain_model_deepseek,6218275,403,deepseek-ai/DeepSeek-V4-Flash-0731,gonka1kx9mca3xm8u8ypzfuhmxey66u0ufxhs7nm6wc5,4xB300,0,13249,"[true,false]",24728
chain_model_deepseek,6218275,403,deepseek-ai/DeepSeek-V4-Flash-0731,gonka1kx9mca3xm8u8ypzfuhmxey66u0ufxhs7nm6wc5,inference-2,0,3594,"[true,false]",24728
chain_model_deepseek,6218275,403,deepseek-ai/DeepSeek-V4-Flash-0731,gonka1kx9mca3xm8u8ypzfuhmxey66u0ufxhs7nm6wc5,mlnode-2,0,7885,"[true,false]",24728
chain_model_deepseek,6218275,403,deepseek-ai/DeepSeek-V4-Flash-0731,gonka1tlvg4kjx7ljd5thgd5fkgh39q6lu8cmxupktgg,node6,0,8030,"[true,false]",8030
chain_model_deepseek,6218275,403,deepseek-ai/DeepSeek-V4-Flash-0731,gonka1y2a9p56kv044327uycmqdexl7zs82fs5ryv5le,mlnode-3,0,3478,"[true,false]",3478
chain_model_glm,6218275,403,zai-org/GLM-5.3-Flash,gonka1gvrrhjmy4w4mayvs2s5l23edj8ertcmtd2v4zr,vs-glm-4b200-1,0,7421,"[true,false]",7421
chain_model_glm,6218275,403,zai-org/GLM-5.3-Flash,gonka168rtjfkszuhcggg4dfyse4yh7xn9zwfglnkns2,mlnode-50,0,5247,"[true,false]",5247
chain_model_glm,6218275,403,zai-org/GLM-5.3-Flash,gonka16dgkvx7mh609ntkzknckwaskgq9lcdp86j0skk,FTJ-1-1,0,8233,"[true,false]",8233
chain_model_glm,6218275,403,zai-org/GLM-5.3-Flash,gonka1kx9mca3xm8u8ypzfuhmxey66u0ufxhs7nm6wc5,mlnode5,0,4870,"[true,false]",4870
